{
	"partitions" : [
		{
			"name" : "Top",
			"pins" : [
				{
					"name" : "RED",
					"strict" : false
				},
				{
					"name" : "onea",
					"strict" : false
				},
				{
					"name" : "oneb",
					"strict" : false
				},
				{
					"name" : "onec",
					"strict" : false
				},
				{
					"name" : "oned",
					"strict" : false
				},
				{
					"name" : "onee",
					"strict" : false
				},
				{
					"name" : "onef",
					"strict" : false
				},
				{
					"name" : "oneg",
					"strict" : false
				},
				{
					"name" : "TENA",
					"strict" : false
				},
				{
					"name" : "TEND",
					"strict" : false
				},
				{
					"name" : "TENE",
					"strict" : false
				},
				{
					"name" : "TENF",
					"strict" : false
				},
				{
					"name" : "B4",
					"strict" : false
				},
				{
					"name" : "A4",
					"strict" : false
				},
				{
					"name" : "A3",
					"strict" : false
				},
				{
					"name" : "A2",
					"strict" : false
				},
				{
					"name" : "A1",
					"strict" : false
				},
				{
					"name" : "Key",
					"strict" : false
				},
				{
					"name" : "B1",
					"strict" : false
				},
				{
					"name" : "B2",
					"strict" : false
				},
				{
					"name" : "B3",
					"strict" : false
				}
			]
		}
	]
}