{
	"partitions" : [
		{
			"name" : "Top",
			"pins" : [
				{
					"name" : "T1",
					"strict" : false
				},
				{
					"name" : "T2",
					"strict" : false
				},
				{
					"name" : "T3",
					"strict" : false
				},
				{
					"name" : "T4",
					"strict" : false
				},
				{
					"name" : "T5",
					"strict" : false
				},
				{
					"name" : "T6",
					"strict" : false
				},
				{
					"name" : "T7",
					"strict" : false
				},
				{
					"name" : "O2",
					"strict" : false
				},
				{
					"name" : "O3",
					"strict" : false
				},
				{
					"name" : "pin_name1",
					"strict" : false
				}
			]
		}
	]
}